{
  "task": "driver",
  "recent_mode": "combined",
  "baseline_schema": {
    "shape": [
      400,
      4
    ],
    "has_nan": false,
    "has_inf": false,
    "null_rate": 0.0
  },
  "recent_schema": {
    "shape": [
      100,
      4
    ],
    "has_nan": false,
    "has_inf": false,
    "null_rate": 0.0
  },
  "feature_stats": [
    {
      "feature_index": 0,
      "baseline_mean": -0.024950852617621422,
      "baseline_std": 0.2154436667109741,
      "recent_mean": 0.17701197185017997,
      "recent_std": 0.20003988512433812,
      "js_divergence": 0.2936725768174485,
      "psi": 4.212244731603692
    },
    {
      "feature_index": 1,
      "baseline_mean": -0.06128240995109081,
      "baseline_std": 0.599214561561948,
      "recent_mean": -0.18942962937853872,
      "recent_std": 0.4479124042864858,
      "js_divergence": 0.07638804317835671,
      "psi": 1.0472140965419865
    },
    {
      "feature_index": 2,
      "baseline_mean": -0.003853335380554199,
      "baseline_std": 0.09528135930414398,
      "recent_mean": 0.15610459279908498,
      "recent_std": 0.11946105284556247,
      "js_divergence": 0.3729959392341221,
      "psi": 3.4134803852073516
    },
    {
      "feature_index": 3,
      "baseline_mean": 0.02072368308901787,
      "baseline_std": 0.20684849141853062,
      "recent_mean": -0.24308804304723403,
      "recent_std": 0.1912685516823344,
      "js_divergence": 0.25200575615520593,
      "psi": 3.3163126172452033
    }
  ],
  "recent_confidence_mean": 0.569597160373908,
  "recent_confidence_std": 0.03788335447135674,
  "recent_entropy_mean": 0.680469003209401,
  "recent_entropy_std": 0.014074633600225499
}