{
  "task": "driver",
  "recent_mode": "none",
  "baseline_schema": {
    "shape": [
      400,
      4
    ],
    "has_nan": false,
    "has_inf": false,
    "null_rate": 0.0
  },
  "recent_schema": {
    "shape": [
      100,
      4
    ],
    "has_nan": false,
    "has_inf": false,
    "null_rate": 0.0
  },
  "feature_stats": [
    {
      "feature_index": 0,
      "baseline_mean": -0.024950852617621422,
      "baseline_std": 0.2154436667109741,
      "recent_mean": -0.022384451031684877,
      "recent_std": 0.21791844997255094,
      "js_divergence": 0.03829295543513062,
      "psi": 0.15389180721092624
    },
    {
      "feature_index": 1,
      "baseline_mean": -0.06128240995109081,
      "baseline_std": 0.599214561561948,
      "recent_mean": -0.10373731389641762,
      "recent_std": 0.5264509202581388,
      "js_divergence": 0.03274209500885934,
      "psi": 0.5535650802250833
    },
    {
      "feature_index": 2,
      "baseline_mean": -0.003853335380554199,
      "baseline_std": 0.09528135930414398,
      "recent_mean": -0.015494222044944763,
      "recent_std": 0.10290921054736128,
      "js_divergence": 0.036454571648899675,
      "psi": 0.4828174735848897
    },
    {
      "feature_index": 3,
      "baseline_mean": 0.02072368308901787,
      "baseline_std": 0.20684849141853062,
      "recent_mean": 0.001416419818997383,
      "recent_std": 0.2033164784533921,
      "js_divergence": 0.038873126198881974,
      "psi": 0.13657457857477337
    }
  ],
  "recent_confidence_mean": 0.5407018307563566,
  "recent_confidence_std": 0.035658366648009795,
  "recent_entropy_mean": 0.6872577815630442,
  "recent_entropy_std": 0.008016753211725826
}